-- MySQL dump 10.13  Distrib 5.7.17, for Win64 (x86_64)
--
-- Host: localhost    Database: watchpoint
-- ------------------------------------------------------
-- Server version	5.7.19-log

/*!40101 SET @OLD_CHARACTER_SET_CLIENT=@@CHARACTER_SET_CLIENT */;
/*!40101 SET @OLD_CHARACTER_SET_RESULTS=@@CHARACTER_SET_RESULTS */;
/*!40101 SET @OLD_COLLATION_CONNECTION=@@COLLATION_CONNECTION */;
/*!40101 SET NAMES utf8 */;
/*!40103 SET @OLD_TIME_ZONE=@@TIME_ZONE */;
/*!40103 SET TIME_ZONE='+00:00' */;
/*!40014 SET @OLD_UNIQUE_CHECKS=@@UNIQUE_CHECKS, UNIQUE_CHECKS=0 */;
/*!40014 SET @OLD_FOREIGN_KEY_CHECKS=@@FOREIGN_KEY_CHECKS, FOREIGN_KEY_CHECKS=0 */;
/*!40101 SET @OLD_SQL_MODE=@@SQL_MODE, SQL_MODE='NO_AUTO_VALUE_ON_ZERO' */;
/*!40111 SET @OLD_SQL_NOTES=@@SQL_NOTES, SQL_NOTES=0 */;

--
-- Table structure for table `price`
--

DROP TABLE IF EXISTS `price`;
/*!40101 SET @saved_cs_client     = @@character_set_client */;
/*!40101 SET character_set_client = utf8 */;
CREATE TABLE `price` (
  `Product_Id` int(11) NOT NULL,
  `Shop_Id` int(11) NOT NULL,
  `value` varchar(255) NOT NULL,
  PRIMARY KEY (`Product_Id`,`Shop_Id`),
  KEY `fk_Product_has_Shop_Shop1_idx` (`Shop_Id`),
  KEY `fk_Product_has_Shop_Product_idx` (`Product_Id`),
  CONSTRAINT `fk_Product_has_Shop_Product` FOREIGN KEY (`Product_Id`) REFERENCES `product` (`Id`) ON DELETE NO ACTION ON UPDATE NO ACTION,
  CONSTRAINT `fk_Product_has_Shop_Shop1` FOREIGN KEY (`Shop_Id`) REFERENCES `shop` (`Id`) ON DELETE NO ACTION ON UPDATE NO ACTION
) ENGINE=InnoDB DEFAULT CHARSET=utf8;
/*!40101 SET character_set_client = @saved_cs_client */;

--
-- Dumping data for table `price`
--

LOCK TABLES `price` WRITE;
/*!40000 ALTER TABLE `price` DISABLE KEYS */;
INSERT INTO `price` VALUES (1,1,'278.75'),(1,2,''),(1,3,'289.00'),(2,1,'249.00'),(2,2,''),(2,3,''),(3,1,'249.00'),(3,2,''),(3,3,''),(4,1,'829.00'),(4,2,''),(4,3,'899.00'),(5,1,'257.00'),(5,2,''),(5,3,''),(6,1,'849.00'),(6,2,''),(6,3,''),(7,1,'499.00'),(7,2,''),(7,3,'');
/*!40000 ALTER TABLE `price` ENABLE KEYS */;
UNLOCK TABLES;

--
-- Table structure for table `pricecomparisonbetweensites`
--

DROP TABLE IF EXISTS `pricecomparisonbetweensites`;
/*!40101 SET @saved_cs_client     = @@character_set_client */;
/*!40101 SET character_set_client = utf8 */;
CREATE TABLE `pricecomparisonbetweensites` (
  `ID` int(11) NOT NULL AUTO_INCREMENT,
  `Title` varchar(2000) CHARACTER SET utf8 DEFAULT NULL,
  `EAN` varchar(500) CHARACTER SET utf8 DEFAULT NULL,
  `Price` varchar(500) CHARACTER SET utf8 DEFAULT NULL,
  `KreFelPrice` varchar(500) CHARACTER SET utf8 DEFAULT NULL,
  `MegekkoPrice` varchar(500) CHARACTER SET utf8 DEFAULT NULL,
  PRIMARY KEY (`ID`),
  UNIQUE KEY `EAN_UNIQUE` (`EAN`)
) ENGINE=InnoDB AUTO_INCREMENT=668 DEFAULT CHARSET=armscii8 COLLATE=armscii8_bin;
/*!40101 SET character_set_client = @saved_cs_client */;

--
-- Dumping data for table `pricecomparisonbetweensites`
--

LOCK TABLES `pricecomparisonbetweensites` WRITE;
/*!40000 ALTER TABLE `pricecomparisonbetweensites` DISABLE KEYS */;
INSERT INTO `pricecomparisonbetweensites` VALUES (158,' Asus Transformer Book T101HA-GR007T-BE - 2-in-1 laptop - 10.1 Inch - Azerty','4712900684469','278.75','299.0','289.00'),(159,' Asus VivoBook Flip TP202NA-EH008T-BE - 2-in-1 Laptop - 11.6 Inch - Azerty','4718017036696','249.00','',''),(160,' Asus VivoBook Flip TP202NA-EH001T-BE - 2-in-1 laptop - 11.6 Inch - Azerty','4712900963847','249.00','',''),(161,' Asus ZenBook Flip UX461UA-E1074T - 2-in-1 laptop - 14 Inch - Azerty','4712900950656','829.00','','899.00'),(162,' Acer One 10 S1003-15W4 - 2-in-1 laptop - 10.1 Inch - Azerty','4713883107457','257.00','',''),(163,' HP Pavilion x360 14-ba102nb - 2-in-1 laptop - 14 Inch - Azerty','0192545296885','849.00','799.0',''),(164,' Acer Spin 3 SP314-51-3147 - 2-in-1 Laptop - 14 Inch - Azerty','4713883798440','499.00','',''),(165,' HP x2 10-p032nb - 2-in-1 Laptop - 10.1 Inch - Azerty','0191628228270','393.71','',''),(166,' HP Spectre X360 15-bl100nb - 15 Inch (39.6 cm) - Azerty','0192018192249','1899.00','',''),(167,' Lenovo Yoga 520-14IKB 80X8005TMB - 2-in-1 laptop - 14 Inch - Azerty','0191545402982','699.00','',''),(168,' Asus ZenBook Flip UX461UA-E1022T-BE - 2-in-1 Laptop - 14 Inch - Azerty','4712900850116','1289.00','',''),(169,' HP Spectre x360 Touch 15-bl102nb - AZERTY','0192018668300','2019.72','',''),(170,' Asus VivoBook Flip TP203NA-BP025T-BE - 2-in-1 laptop - 11.6 Inch - Azerty','4712900759181','403.95','',''),(171,' MEDION AKOYA E2218T convertible tablet laptop','4061275014211','319.00','',''),(172,' MEDION AKOYA E3213T 1.1GHz N3350 13.3&#x27;&#x27; 1920 x 1080Pixels Touchscreen Zwart Hybride...','4015625607608','349.00','',''),(173,' Lenovo Miix 320 1.44GHz x5-Z8350 10.1&#x27;&#x27; 1280 x 800Pixels Touchscreen Zilver Hybride...','0191376576821','333.95','299.0','595.58'),(174,' HP Spectre x360 13-ae002nb - 2-in-1 Laptop - 13.3 Inch - Azerty','0192018191945','1513.50','',''),(175,' Asus ZenBook Flip UX561UN-BO012T - 2-in-1 laptop - 15.6 Inch - Azerty','4712900850192','1129.00','',''),(176,' Lenovo Yoga 520-14IKB 80X8005YMB - 2-in-1 laptop - 14 inch - Azerty','0191545403057','595.00','',''),(177,' Lenovo Yoga 500-15ISK 80R60070MB - 2-in-1 laptop - 15.6 Inch - Azerty','0190151354333','905.00','',''),(178,' ASUS VivoBook Flip TP510UA-E8085T-BE 1.6GHz i5-8250U 15.6&#x27;&#x27; 1920 x 1080Pixels...','4712900850185','905.00','',''),(179,' Microsoft Surface Book 2 - i7 - 16 GB - 512 GB','0889842249118','2817.31','',''),(180,' Lenovo Yoga 720-13IKB 80X60088MB - 2-in-1 laptop - 13.3 Inch - Azerty','0191545243219','1387.40','',''),(181,' Acer Spin 3 SP315-51-566G - 2-in-1 laptop - 15.6 Inch - Azerty','4713392964749','736.00','',''),(182,' Microsoft Surface Book 2 (15 inch) - i7 - 16 GM - 256 GB','0889842247329','2764.00','',''),(183,' Lenovo Yoga 510-14ISK 80S700JWMB - 2-in-1 laptop - 14 Inch - Azerty','0191376529391','699.00','',''),(184,' Lenovo Miix 720 2.70GHz i7-7500U 12&#x27;&#x27; 2880 x 1920Pixels Touchscreen Zwart Hybride (2-in-1)','0190940913147','1851.69','','349.00'),(185,' HP Elite x2 1012 G1 - 2-in-1 laptop - 12 Inch - Azerty','0889899008072','1112.89','',''),(186,' MEDION AKOYA P3403 1.2GHz i5-7Y54 12.5&#x27;&#x27; 1920 x 1080Pixels Touchscreen Zwart Hybride...','4015625795022','799.00','',''),(187,' Acer Switch 3 SW312-31-P3D7 1.1GHz N4200 12.2&#x27;&#x27; 1920 x 1200Pixels Touchscreen Zilver...','4713883291798','331.00','',''),(260,' ASUS VivoBook Flip TP410UA-EC415T-BE 1.6GHz i5-8250U 14&#x27;&#x27; 1920 x 1080Pixels...','4712900923063','928.02','',''),(261,' HP ZBook 17 G3 - Laptop - 17.3 Inch - Azerty','0889899043042','2679.00','',''),(262,' HP ZBook 15 G3 - Laptop - 15.6 Inch - Azerty','0889899035818','2741.50','',''),(263,' Asus VivoBook Flip UX461UA-E1013T-BE - 2-in-1 laptop - 14 Inch - Azerty','4712900850093','1104.95','',''),(264,' Dell Latitude 12 7275-4F5V2 - 2-in-1 laptop - 12.5 Inch - Azerty','5397063847945','1299.00','',''),(265,' Lenovo ThinkPad Yoga 370 20JH002KMB - 2-in-1 laptop - 13.3 Inch - Azerty','0191376347360','1114.52','',''),(266,' Lenovo Yoga 900S-12ISK - 2-in-1 laptop - 12.5 Inch - Azerty','0190404212731','1296.00','',''),(267,' ASUS Transformer Book T100TAF-BING-DK001B-BE - 2-in-1 laptop - 10.1 Inch - Azerty','4716659847120','314.99','',''),(268,' DELL Latitude 3189 1.10GHz N3350 Intel® Celeron® 11.6&#x27;&#x27; 1366 x 768Pixels Touchscreen...','5397063443017','849.44','',''),(269,' Lenovo ThinkPad Yoga 370 20JH002NMB - 2-in-1 laptop - 13.3 Inch - Azerty','0191376348381','1699.00','',''),(270,' HP ZBook 17 G3 - Laptop - 17.3 Inch - Azerty','0889899033647','2140.00','',''),(271,' Lenovo Yoga 500-15ISK 80R6006YMB - 2-in-1 laptop - 15.6 Inch - Azerty','0190151354326','899.00','',''),(314,' Apple Macbook Air (2017) - 13 inch - 128 GB / Azerty','1901984623294','1099.00','',''),(315,' Apple MacBook Pro (2018) - 13.3 inch - 256 GB - Spacegrijs - AZERTY','0190198714435','2100.60','1999.0',''),(316,' Apple MacBook Pro (2017) Touch Bar - 15 Inch - 512 GB - Zilver / Azerty','0190198374721','2969.00','3299.0',''),(317,' Apple MacBook (2017) - 12 inch - 256 GB - Rose Goud / Azerty','0190198204967','1327.00','929.0',''),(318,' Apple MacBook Pro (2017) - 13 Inch - 128 GB - Zilver / Azerty','0190198393319','1579.90','729.0',''),(319,' Apple MacBook Pro (2017) - 13 Inch - 256 GB - Zilver / Azerty','0190198394156','1840.25','1999.0',''),(320,' Apple MacBook Pro (2018) - 13.3 inch - 512 GB - Spacegrijs - AZERTY','0190198714848','2360.95','2249.0',''),(321,' Apple MacBook (2017) - 12 inch - 512 GB - Rose Goud / Azerty','0190198205384','1614.00','169.0',''),(322,' Apple MacBook Pro (2018) - 15.4 inch - 512GB - Zilver - AZERTY','0190198712868','3454.45','3299.0',''),(323,' Apple MacBook - Laptop / 12 inch / Azerty / Goud','0888462719896','1799.00','',''),(324,' Apple MacBook Pro (2018) - 15.4 inch - 256 GB - Zilver - AZERTY','0190198712455','2933.75','2799.0',''),(325,' Apple MacBook Pro 2.3GHz 13.3&#x27;&#x27; 2560 x 1600Pixels Grijs Notebook','0190198714404','2081.89','','1580.00'),(326,' Asus VivoBook X207NA-FD102T-BE - Laptop - 11.6 Inch - Azerty','4712900892772','199.00','',''),(327,' Acer Aspire 3 A315-33-C0NS - Laptop - 15.6 inch - AZERTY','4713883817769','349.00','629.0',''),(328,' Asus VivoBook A540UA-DM095T-BE - Laptop - 15.6 Inch - Azerty','4712900896787','599.00','',''),(329,' Acer Nitro 5 AN515-52-59E0 - Gaming Laptop - 15.6 inch - AZERTY','4713883774444','849.00','899.0',''),(330,' Lenovo IdeaPad 520-15IKB 80YL005XMB - Laptop - 15.6 Inch - Azerty','0191545243653','599.00','849.0',''),(331,' Asus FX504GD-DM030T-BE - Gaming laptop - 15.6 inch - AZERTY','4718017035972','999.00','',''),(332,' Acer Aspire 3 A315-51-37TT - Laptop - 15.6 Inch - Azerty','4713883817776','479.00','629.0',''),(333,' Razer Blade Stealth RZ09-02393F31-R3F1 - Laptop - 13,3 Inch - FR Azerty','8886419357087','1349.00','',''),(334,' OMEN by HP 15-ce021nb - Gaming Laptop - 15.6 Inch - Azerty','0192018420960','1009.00','129.98',''),(335,' Acer Aspire ES 17 ES1-732-C48A - Laptop - 17.3 Inch - Azerty','4713392801679','379.00','279.0',''),(336,' Asus VivoBook S K510UN-BQ297T-BE - Laptop - 15.6 inch - Azerty','4712900950601','699.00','',''),(338,' Asus VivoBook R753UQ-T4358T-BE - Laptop - 17.3 Inch - Azerty','4712900931426','799.00','',''),(339,' Medion Erazer P6661-i5-1008 BE','4015625783807','694.00','',''),(340,' ASUS ZenBook UX430UA-GV265T-BE - Laptop - 14 inch - Azerty','4712900936278','749.00','',''),(342,' Acer Aspire ES 15 ES1-533-C7X1 - Laptop - 15.6 Inch - Azerty','4713883541947','248.00','629.0',''),(343,' HP Pavilion 15-ck004nb - Laptop - 15.6 Inch - Azerty','0192545296892','809.00','',''),(344,' Asus ZenBook UX430UA-GV259T-BE - Laptop - 14 Inch - Azerty','4712900892802','799.00','',''),(345,' Acer Aspire 5 A515-51G-58W5 - Laptop - 15.6 Inch - Azerty','4713883545341','729.00','999.0',''),(346,' Acer Aspire A515-51G-51L0 - Laptop - 15.6 Inch - Azerty','4713883577083','799.00','999.0',''),(348,' MSI GP72M 7REX-1249BE - Gaming Laptop (120 Hz) - 17.3 Inch - Azerty','4719072546304','1385.00','',''),(350,' Asus Vivobook R540NA-DM087T - Laptop - 15.6 Inch - Azerty','4712900922899','379.00','',''),(351,' HP ENVY 17-bw0015nb - AZERTY','0192545781619','1250.00','',''),(352,' Acer Swift 1 SF114-32-C7TK - Laptop - 14 Inch - Azerty','4713883811224','399.00','',''),(353,' HP 15-bw000nb 15.6&quot;HD AG E2-9000e 4GB 500GB AMD R2-Graphics BLACK WIN10 - Azerty','0191628397839','274.90','',''),(354,' Asus VivoBook S K510UN-BQ298T-BE - Laptop - 15.6 inch - Azerty','4712900950618','799.00','',''),(355,' Asus Vivobook X540UA-DM563T-BE - Laptop - 15.6 Inch - Azerty','4718017036740','549.00','',''),(356,' OMEN by HP 15-ce029nb - Gaming Laptop - 15.6 Inch - Azerty','0192545307239','1109.00','129.98',''),(357,' HP Pavilion 14-bk018nb - Laptop - 14 inch (AZERTY)','0192018226548','555.98','599.0',''),(358,' Predator Helios 300 PH315-51-52R1 - Gaming Laptop - 15.6 Inch - Azerty','4713883697385','1099.00','1349.0',''),(359,' Razer Blade Pro RZ09-01663F53-R3F1 - Gaming Laptop - 17,3 Inch - FR Azerty','8886419355717','4999.00','',''),(360,' Acer Aspire VX 15 VX-591G-769T - Gaming Laptop - 15.6 Inch - Azerty','4713392995798','813.00','999.0',''),(361,' Asus ROG Strix GL703GM-E5045T-BE - Gaming Laptop - 17.3 inch - AZERTY','4718017036726','1499.00','',''),(363,' Asus Transformer Book T101HA-GR004T-BE - 2-in-1 laptop - 10.1 Inch - Azerty','4712900684452','279.00','299.0','289.00'),(364,' Acer Aspire ES 17 ES1-732-C6F1 - Laptop - 17.3 Inch - Azerty','4713883545365','377.00','279.0',''),(365,' HP 15-bs021nb - Laptop -15.6 Inch - Azerty','0192018346079','629.00','',''),(366,' Asus Vivobook R702NA-BX085T - Laptop - 17.3 Inch - Azerty','4712900950632','399.00','',''),(367,' Razer Blade Stealth RZ09-02393F32-R3F1 - Laptop - 13,3 Inch - FR Azerty','8886419357094','1549.00','',''),(369,' Asus ROG Strix GL703GS-E5011T-BE - Gaming laptop - 17.3 inch - AZERTY','4712900987379','1799.00','',''),(370,' MEDION AKOYA S4219 1.6GHz N3060 14.1&#x27;&#x27; 1920 x 1080Pixels Zwart Notebook','4015625607400','264.00','',''),(371,' Razer Blade RZ09-01953F71-R3F1 - Gaming Laptop - 14 Inch - FR-Azerty','8886419356073','1739.00','',''),(372,' Asus VivoBook R418UA-EB778T-BE - Laptop - 14 inch - Azerty','4712900950625','479.00','','549.00'),(373,' HKC NT11H AZERTY 11,6 inch Laptop 2GB RAM 32GB SSD','6940017310072','154.00','',''),(374,' HP 15-bw021nb - Laptop - 15.6 Inch - Azerty','0191628606801','442.00','',''),(375,' MSI GL72 7RD-024BE - Gaming Laptop - 17.3 Inch - Azerty','4719072494162','766.00','',''),(376,' Acer Swift 1 SF113-31-C0Z3 - Laptop - 13.3 Inch - Azerty','4713883284011','447.10','449.0',''),(377,' Asus R752NA-TY054T-BE - Laptop - 17.3 Inch - Azerty','4712900757613','449.00','',''),(379,' Asus VivoBook X207NA-FD074T-BE - Laptop - 11.6 Inch - Azerty','4712900764871','266.00','',''),(380,' MSI GL62M 7REX-1449BE - Gaming Laptop - 15.6 Inch - Azerty','4719072526405','1162.00','',''),(381,' Asus ROG Strix GL504GM-ES070T-BE - Gaming laptop - 15.6 inch - AZERTY','4718017036702','1399.00','',''),(382,' HP Envy 17-ae103nb - Laptop - 17.3 Inch - Azerty','0192018620216','1654.64','',''),(383,' MSI GE63 8RF-044BE - Gaming Laptop (120 Hz) - 15.6 Inch - Azerty','4719072565169','1899.00','',''),(384,' HP Pavilion Power - 15-cb016nb','0191628598014','848.00','',''),(386,' MSI GL62M 7REX-2282BE - Gaming Laptop - 15.6 Inch - Azerty','4719072549763','1353.08','',''),(387,' MSI GL72M 7RDX-1291BE - Gaming Laptop - 17.3 Inch - Azerty','4719072549701','1079.00','',''),(388,' HP Envy 13-ad102nb - Laptop - 13 Inch (33.8 cm) - Azerty','0192018191938','1101.49','',''),(389,' HP 15-bs064nb - laptop - 15,6&quot; - Azerty','0192018668454','895.00','',''),(390,' MSI GS43VR 7RE-060BE - Gaming Laptop - 14 Inch - Azerty','4719072490744','1484.00','',''),(391,' Lenovo IdeaPad 320-15AST 80XV011CMB - Laptop - 15.6 Inch - Azerty','0192563673934','499.00','499.0',''),(392,' Asus Zenbook UX430UA-GV456T-BE - Laptop - 14 inch - AZERTY','4718017036757','899.00','',''),(394,' MSI GE73 8RE-045BE - Gaming Laptop - 17.3 inch - Azerty','4719072565145','1789.00','',''),(395,' Lenovo IdeaPad 120S-14IAP 81A500AWMB - Laptop - 14 Inch - Azerty','0192158383309','329.00','349.0',''),(396,' Asus R752NA-TY053T-BE - Laptop - 17.3 Inch - Azerty','4712900757606','459.95','',''),(397,' Predator Helios 300 PH315-51-52AS - Gaming laptop - 15.6 Inch - Azerty','4713883816076','1199.00','1349.0',''),(398,' Hp 17.3&quot;Hd+ A6-9220 8Gb 256Ssd Dvd Black Win10','0192545295932','499.00','',''),(399,' HP x360 11-ab009nb 1.6GHz N3060 11.6&#x27;&#x27; 1366 x 768Pixels Touchscreen Wit Notebook','0192018191921','455.00','',''),(400,' HP Omen 15-dc0066nb - Laptop - 15.6 Inch - Azerty','0192545762779','1202.55','129.98',''),(401,' MSI GS65 8RE-043BE - Gaming Laptop (144 Hz) - 15.6 Inch - Azerty','4719072567729','2100.00','',''),(402,' Predator Helios 300 PH317-52-58TA - Gaming laptop - 17.3 Inch - Azerty','4713883816427','1099.00','1399.0',''),(403,' MSI GP63 8RD-008BE - Gaming Laptop - 15.6 Inch - Azerty','4719072566227','1379.00','',''),(404,' MSI GS73VR 7RG-075BE - Gaming Laptop - 17.3 inch - AZERTY','4719072543945','1899.00','',''),(405,' MSI GE62 2QD-487BE - Gaming Laptop - 15.6 Inch - Azerty','4719072418373','1060.00','',''),(406,' Toshiba Satellite Pro R50-C-10X - Laptop - 15.6 Inch - Azerty','4051528214277','503.95','',''),(407,' ASUS X207NA-FD105T-BE 1.10GHz N3350 11.6&#x27;&#x27; 1366 x 768Pixels Wit Notebook','4712900922882','249.00','',''),(408,' HP Pavilion x360 14-ba106nb - 2-in-1 laptop - 14 Inch - Azerty','0192018302297','799.00','799.0',''),(409,' HP ENVY 17-bw0030nb - AZERTY','0192545799867','1399.00','',''),(410,' Asus VivoBook X541UA-DM1297T-BE - Laptop - 15.6 Inch - Azerty','4712900757019','455.00','',''),(411,' Lenovo IdeaPad 120S-14IAP 81A500AXMB - Laptop - 14 Inch - Azerty','0192158383316','329.00','349.0',''),(412,' OMEN by HP 15-ce012nb - Gaming Laptop - 15.6 Inch - Azerty','0191628374120','999.00','129.98',''),(413,' Lenovo V320 Ci5 4GB/1TB HDD 17IN W10P 81AH005HMB','0192076243273','690.00','',''),(414,' HKC Y11CC-FR 11,6 inch IPS Laptop AZERTY','6940017391033','189.99','',''),(415,' MSI GE63VR 7RF-006BE - Gaming Laptop (120 Hz) - 15.6 Inch - Azerty','4719072527853','1999.00','',''),(416,' Acer SWIFT5 14&quot; FHD IPS I5-7200U 8GB 256GB SSD Windows 10 - Wit','4713883098519','799.00','',''),(417,' HP Omen 15-ce013nb - Laptop - 15.6 Inch - Azerty','0192018607101','1190.00','129.98',''),(440,' Microsoft Surface Laptop - i5 - 4 GB - 128 GB - Zilver - Azerty','0889842204681','960.00','',''),(441,' Lenovo IdeaPad V330 1.60GHz i5-8250U 15.6&#x27;&#x27; 1920 x 1080Pixels Grijs Notebook - Azerty','0192158186894','744.79','799.0',''),(443,' HP ProBook 450 G5 1.60GHz i5-8250U Intel® 8ste generatie Core™ i5 15.6&#x27;&#x27; 1920 x...','0192018714861','875.00','','None'),(453,' HP ProBook 450 G5 1.80GHz i7-8550U 15.6&#x27;&#x27; 1920 x 1080Pixels Zilver Notebook','0192018072091','1319.00','','1781.38'),(467,' Acer Aspire 5 A517-51G-53RU 1.6GHz i5-8250U 17.3&#x27;&#x27; 1920 x 1080Pixels Zwart Notebook','4713883379403','849.74','999.0',''),(469,' Asus K541UJ-DM573T-BE - Laptop - 15.6 Inch - Azerty','4712900719512','849.00','',''),(470,' DELL Latitude 3189 1.10GHz N4200 Intel® Pentium® 11.6&#x27;&#x27; 1366 x 768Pixels Touchscreen...','5397063443048','790.00','',''),(471,' HP 250 G6 2.00GHz i3-6006U 15.6&#x27;&#x27; 1366 x 768Pixels Zilver Notebook','0192018085930','665.00','',''),(473,' Lenovo E51-80 80QB000AMB - Laptop / Azerty - 15.6 Inch','0889955281487','697.90','',''),(474,' 320S-13IKB Ci3 8G 128G 13.3 W10H','0191999099189','553.95','',''),(475,' Acer Swift 1 SF113-31-C84V - Laptop - 13.3 Inch - Azerty','4713883284004','475.00','449.0',''),(476,' ASUS VivoBook F542UN-DM169T-BE Laptop -15.6 inch - Azerty','4712900959307','722.13','',''),(477,' Lenovo IdeaPad 320-17ABR 80YN001WMB - Laptop - 17.3 Inch - Azerty','0192330175722','599.00','',''),(478,' Asus ZenBook UX410UA-GV152T-BE - Laptop - 14 Inch - Azerty','4712900684544','1105.00','',''),(479,' Razer Blade RZ09-01953F72-R3F1 - Gaming Laptop - 14 Inch - FR Azerty','8886419356080','1859.00','',''),(480,' Acer Aspire ES 17 ES1-732-C9C7 - Laptop - 17.3 Inch - Azerty','4713883092432','431.64','279.0',''),(482,' Acer Aspire ES 15 ES1-533-C0Y7 - Laptop - 15.6 Inch - Azerty','4713883013161','339.00','629.0',''),(483,' Medion S6421B-i3-128 BE','4015625788994','448.00','',''),(484,' HP Spectre 13-af001nb - Laptop - 13.3 Inch - Azerty','0192018194076','1347.63','1599.0',''),(486,' HP Omen 15-dc0058nb - Laptop - 15.6 Inch - Azerty','0192545762731','1329.00','129.98',''),(487,' Asus Vivobook X540LA-DM1115T-BE - Laptop - 15.6 inch','4718017036733','399.00','',''),(488,' ASUS VivoBook S510UN-BQ080T-BE 1.6GHz i5-8250U 15.6&#x27;&#x27; 1920 x 1080Pixels Goud Notebook','4712900889703','999.87','1049.0',''),(489,' Acer Aspire 5 17.3&quot;Fhd I3-7020U 6Gb 256Ssd Dvd Black Win10','4713883854856','623.00','629.0',''),(490,' DELL Vostro 3568 2.70GHz i7-7500U 15.6&#x27;&#x27; 1920 x 1080Pixels Zwart Notebook','5397184006535','971.74','',''),(491,' HP EliteBook 850 G4 2.50GHz i5-7200U 15.6&#x27;&#x27; 1920 x 1080Pixels Zilver Notebook','0190781632474','1189.00','','2017.97'),(495,' MSI GS65 8RF-041BE - Gaming Laptop (144 Hz) - 15.6 Inch - Azerty','4719072567705','2399.00','',''),(496,' HP Pavilion 15-ck000nb - Laptop - 15.6 Inch (39,6 cm) - Azerty','0192018192331','799.00','',''),(497,' HP ProBook 470 G5 notebookcomputer','0192018555464','1002.00','',''),(498,' MEDION ERAZER P6689-i5-256 1.6GHz i5-8250U 15.6&#x27;&#x27; 1920 x 1080Pixels Zwart Notebook','4015625605727','855.00','',''),(499,' Acer Aspire ES1-571-30ZU - Laptop / Azerty','4713392511523','331.00','629.0',''),(500,' DELL Latitude 5590 1.70GHz i5-8350U 15.6&#x27;&#x27; 1920 x 1080Pixels Zwart Notebook','5397184034729','1045.95','','1160.00'),(501,' Microsoft Surface Laptop - i5 - 8 GB - 256 GB - Zilver - Azerty','0889842205008','1445.00','1230.0',''),(502,' Acer Swift 7 SF713-51-M98W Ultralichte 13.3&#x27;&#x27; Notebook met zwart goude afwerking - i5...','4713883113724','1050.60','379.0',''),(503,' Lenovo ThinkPad E470','0191545083662','857.48','',''),(504,' HP Spectre 13-v100nb - Hybride laptop - 13.3 Inch - Azerty','0190780994580','1250.00','',''),(505,' HP 17-by0117nb - Laptop - 17.3 Inch - Azerty','0193015216433','626.00','',''),(506,' Acer Swift 5 SF514-51-580B - Laptop - 14 Inch - Azerty','4713392930430','851.00','',''),(507,' DELL Vostro 5568 2.50GHz i5-7200U 15.6&#x27;&#x27; 1920 x 1080Pixels Grijs Notebook','5397063949670','772.64','','679.00'),(564,' Acer Chromebook 15 CB3-532-C2ZJ - Chromebook - 15.6 Inch - Azerty','4713392855665','279.00','',''),(601,' Acer Chromebook 14 CB3-431-C5BU - Chromebook - 14 Inch - Azerty','4713392609978','374.80','',''),(602,' HP 20-c010nd - All-in-One Desktop','0191628569793','449.00','',''),(603,' Acer Aspire C22-860 I5808 NL - All-in-One Desktop','4713883632195','599.00','629.0',''),(604,' Apple iMac 21,5 inch Retina 4K (2017) - All-in-One Desktop','0190198420206','1319.00','',''),(605,' Apple iMac 21,5 inch Retina 4K (2017) - All-in-One Desktop','0190198420213','1499.00','',''),(606,' Acer Aspire C22-860 I6618 NL - All-in-One Desktop','4713883632171','660.00','279.0',''),(607,' Apple iMac 21,5 inch (2017) - All-in-One Desktop','0190198420190','1199.00','',''),(608,' Lenovo IdeaCentre 520-22AST F0D6000RNY - All-in-One Desktop','0192076085255','499.95','',''),(609,' HP Pavilion 24-r002nb - All-in-One Desktop - Azerty','0192018185869','799.00','',''),(610,' Lenovo IdeaCentre 520-27IKL F0D0002QNY - All-in-One Desktop','0192076085224','1005.95','',''),(611,' Apple iMac 21,5 inch (2017) - All-in-One Desktop / Azerty','0190198084804','1199.00','',''),(612,' HP Pavilion 24-r052nd - All-in-One Desktop','0192018176539','1205.95','',''),(613,' HP ENVY 27-b112nb - All-in-One Desktop - Azerty','0192018185876','2099.00','',''),(614,' Apple iMac 27 inch Retina 5K (2017) - All-in-One Desktop','0190198420244','2499.00','',''),(615,' Lenovo IdeaCentre 520S F0CU000XNY - All-in-One Desktop','0191376049745','899.00','',''),(616,' HP 20-c005nd - All-in-One Desktop / Qwerty','0190780085578','475.95','',''),(617,' HKC AT24A-NL All-in-one PC, Intel Apollo lake N3350 Dual-core, FHD, 4GB/32GB, Win 10 Home','6940017310218','349.99','2.2',''),(618,' Acer Aspire AC20-220 - All-in-one Desktop','4713883394284','405.95','',''),(619,' Lenovo IdeaCentre 520-24IKU F0D2003FNY - All-in-One Desktop','0192076115501','729.00','',''),(620,' Apple iMac MF883N/A - All-in-one Desktop / 21.5 inch','0885909924943','799.00','',''),(621,' Acer Aspire C24-860 I9108 NL - All-in-One Desktop','4713883504553','883.95','279.0',''),(622,' HP ENVY Curved 34-b024n - All-in-One Desktop - Azerty','0192018185890','2299.00','',''),(623,' Acer Aspire Z24-880 NL (DQ.B8VEH.001) - All-in-One Desktop','4713883237109','649.00','279.0',''),(624,' Acer Aspire U27-880 (DQ.B8REH.002) - All-in-One Desktop','4713883394291','1199.00','',''),(625,' Lenovo V410z 2.4GHz i5-7400T 21.5&#x27;&#x27; 1920 x 1080Pixels Zwart Alles-in-één-pc','0191927890222','799.00','','829.00'),(626,' HP ENVY Pro 34&quot; Curved All-in-One desktop pc - I7-6700T 8Gb 256GB SSD GTX960','0889899410622','1499.00','',''),(627,' Asus Z240ICGT-GJ053X - All-in-One Desktop / Azerty','4712900192506','1803.95','',''),(628,' Acer Chromebase CA24I Touch – All-in-one PC','4713392622151','609.00','','None'),(629,' HP ENVY Curved 34-b026nb 2.9GHz i7-7700T 34&#x27;&#x27; 3440 x 1440Pixels Zilver Alles-in-één-pc','0190781640820','2499.00','1149.0',''),(630,' Apple iMac 21,5 inch (2015) CTO - All-in-One Desktop - Azerty','5415247066118','1234.00','',''),(631,' Apple iMac 27 inch Retina 5K (2017) - All-in-One Desktop / Azerty','0190198087904','2413.05','',''),(632,' Apple iMac 21,5 inch (2017) - All-in-One Desktop - Azerty Numeriek','5415247130215','1239.99','',''),(633,' Asus Zen AiO ZN270IEGT-RA026T-BE - All-in-One Desktop / Azerty','4712900690750','1608.40','',''),(634,' Acer Aspire C22-860 I8004 - All-in-One Desktop','4713883380935','679.00','',''),(635,' HP ProOne 440 G3 23,8-inch All-in-One pc, geen touch','0190781999140','790.32','',''),(636,' Lenovo IdeaCentre 330-20AST F0D80015NY - All-in-One Desktop','0192158943114','433.95','',''),(637,' Acer Aspire AC24-760 I8014 NL - All-in-One Desktop','4713883116534','903.95','279.0',''),(638,' HP Sprout Pro','0889899048771','2066.00','',''),(639,' Apple iMac met Retina 5K display - All-in-One Desktop / Qwerty','0888462479226','2000.00','',''),(640,' HP ProOne 600 G1 - All-in-one Desktop / Azerty','0888182492536','0.00','',''),(641,' HP EliteOne 800 G3 3.4GHz i5-7500 Zevende generatie Intel® Core™ i5 23.8&#x27;&#x27; 1920 x...','0190781732150','1699.00','','None'),(642,' Acer Aspire Z24-880 all-in-one AZERTY BE','4713883236997','1150.00','',''),(643,' Lenovo ThinkCentre M93z 3.5GHz i3-4150 Vierde generatie Intel® Core™ i3 23&#x27;&#x27; 1920 x...','0888772836917','574.89','','None'),(644,' Apple iMac met Retina 4K display - All-in-One Desktop / Qwerty','0888462478366','2112.86','',''),(645,' Touch Screen kassa unit + ticket printer + Barcodescanner','0756317034473','1199.00','',''),(657,' Apple iMac 21,5 inch Retina 4K (2017) - All-in-One Desktop / Azerty','0190198086143','1788.20','',''),(658,' Intel Compute Stick STK1AW32SC - Mini PC','0675901368964','129.00','',''),(659,' Asus Chromebox M118U - Mini PC','4716659892069','208.95','',''),(660,' Intel Compute Stick STK1A32SC - Mini PC - zonder besturingssysteem','5032037081214','136.95','','123.95'),(661,' Asus VivoMini VM65-G077Z - Mini PC','0889349665015','769.99','',''),(662,' COMPUGEAR Mini MC7100U-8S-NUC - Mini PC','8719925370250','519.00','',''),(663,' COMPUGEAR Mini MC7567U-16SH-NUC - Mini PC','8719925370304','895.00','',''),(664,' G4400T IntelHD 530 Win10 Home','4712900666359','530.00','2.2',''),(665,' COMPUGEAR Mini MC7567U-8S-NUC - Mini PC','8719925370298','745.00','',''),(666,' COMPUGEAR Mini MC7260U-16SH-NUC - Mini PC','8719925370281','769.00','',''),(667,' COMPUGEAR Mini MC7260U-8S-NUC - Mini PC','8719925370274','619.00','','');
/*!40000 ALTER TABLE `pricecomparisonbetweensites` ENABLE KEYS */;
UNLOCK TABLES;

--
-- Table structure for table `product`
--

DROP TABLE IF EXISTS `product`;
/*!40101 SET @saved_cs_client     = @@character_set_client */;
/*!40101 SET character_set_client = utf8 */;
CREATE TABLE `product` (
  `Id` int(11) NOT NULL,
  `Name` varchar(255) NOT NULL,
  `EAN` varchar(45) NOT NULL,
  PRIMARY KEY (`Id`),
  UNIQUE KEY `EAN_UNIQUE` (`EAN`)
) ENGINE=InnoDB DEFAULT CHARSET=utf8;
/*!40101 SET character_set_client = @saved_cs_client */;

--
-- Dumping data for table `product`
--

LOCK TABLES `product` WRITE;
/*!40000 ALTER TABLE `product` DISABLE KEYS */;
INSERT INTO `product` VALUES (1,' Asus Transformer Book T101HA-GR007T-BE - 2-in-1 laptop - 10.1 Inch - Azerty','4712900684469'),(2,' Asus VivoBook Flip TP202NA-EH008T-BE - 2-in-1 Laptop - 11.6 Inch - Azerty','4718017036696'),(3,' Asus VivoBook Flip TP202NA-EH001T-BE - 2-in-1 laptop - 11.6 Inch - Azerty','4712900963847'),(4,' Asus ZenBook Flip UX461UA-E1074T - 2-in-1 laptop - 14 Inch - Azerty','4712900950656'),(5,' Acer One 10 S1003-15W4 - 2-in-1 laptop - 10.1 Inch - Azerty','4713883107457'),(6,' HP Pavilion x360 14-ba102nb - 2-in-1 laptop - 14 Inch - Azerty','0192545296885'),(7,' Acer Spin 3 SP314-51-3147 - 2-in-1 Laptop - 14 Inch - Azerty','4713883798440');
/*!40000 ALTER TABLE `product` ENABLE KEYS */;
UNLOCK TABLES;

--
-- Table structure for table `shop`
--

DROP TABLE IF EXISTS `shop`;
/*!40101 SET @saved_cs_client     = @@character_set_client */;
/*!40101 SET character_set_client = utf8 */;
CREATE TABLE `shop` (
  `Id` int(11) NOT NULL,
  `Name` varchar(255) NOT NULL,
  PRIMARY KEY (`Id`)
) ENGINE=InnoDB DEFAULT CHARSET=utf8;
/*!40101 SET character_set_client = @saved_cs_client */;

--
-- Dumping data for table `shop`
--

LOCK TABLES `shop` WRITE;
/*!40000 ALTER TABLE `shop` DISABLE KEYS */;
INSERT INTO `shop` VALUES (1,'Bol'),(2,'Krëfel'),(3,'Megekko');
/*!40000 ALTER TABLE `shop` ENABLE KEYS */;
UNLOCK TABLES;
/*!40103 SET TIME_ZONE=@OLD_TIME_ZONE */;

/*!40101 SET SQL_MODE=@OLD_SQL_MODE */;
/*!40014 SET FOREIGN_KEY_CHECKS=@OLD_FOREIGN_KEY_CHECKS */;
/*!40014 SET UNIQUE_CHECKS=@OLD_UNIQUE_CHECKS */;
/*!40101 SET CHARACTER_SET_CLIENT=@OLD_CHARACTER_SET_CLIENT */;
/*!40101 SET CHARACTER_SET_RESULTS=@OLD_CHARACTER_SET_RESULTS */;
/*!40101 SET COLLATION_CONNECTION=@OLD_COLLATION_CONNECTION */;
/*!40111 SET SQL_NOTES=@OLD_SQL_NOTES */;

-- Dump completed on 2018-08-14 18:57:39
